,City,Cloudiness,Country,Date,Humidity,Lat,Lng,Max Temp,Wind Speed
0,Khedbrahma,100,IN,1627948474,90,24.0333,73.05,77.31,9.69
1,Butaritari,57,KI,1627948474,73,3.0707,172.7902,82.42,4.14
2,Yellowknife,75,CA,1627948372,22,62.456,-114.3525,90.12,6.91
3,Salina Cruz,87,MX,1627948474,60,16.1667,-95.2,88.97,8.93
4,Qaanaaq,94,GL,1627948474,66,77.484,-69.3632,45.27,0.78
5,Sabzawār,3,IR,1627948475,17,36.2126,57.6819,77.05,11.72
6,Kapaa,7,US,1627948475,86,22.0752,-159.319,87.78,5.01
7,Chokurdakh,55,RU,1627948475,43,70.6333,147.9167,52.16,9.37
8,Port Lincoln,70,AU,1627948476,61,-34.7333,135.8667,53.42,19.53
9,Narsaq,94,GL,1627948476,96,60.9167,-46.05,44.74,6.76
10,Samarai,73,PG,1627948476,77,-10.6167,150.6667,79.93,15.39
11,Tasiilaq,100,GL,1627948476,83,65.6145,-37.6368,42.64,2.44
12,Arraial do Cabo,0,BR,1627948477,80,-22.9661,-42.0278,68.58,18.28
13,Waipawa,100,NZ,1627948477,89,-41.4122,175.5153,47.03,14.25
14,Avarua,75,CK,1627948415,74,-21.2078,-159.775,80.65,11.5
15,Punta Arenas,40,CL,1627948341,87,-53.15,-70.9167,37.51,24.16
16,Sapele,99,NG,1627948478,92,5.8941,5.6767,75.16,3.06
17,Esperance,94,AU,1627948478,81,-33.8667,121.9,44.44,13.58
18,Ingham,40,US,1627948478,59,42.6,-84.3833,73.35,5.75
19,Karpathos,0,GR,1627948478,62,35.507,27.2132,83.88,15.84
20,Sinnamary,41,GF,1627948479,81,5.3833,-52.95,78.26,6.55
21,Lebane,4,RS,1627948479,80,42.9239,21.7375,72.64,1.32
22,Bredasdorp,12,ZA,1627948479,93,-34.5322,20.0403,55.27,3.44
23,Hithadhoo,100,MV,1627948480,69,-0.6,73.0833,81.64,4.56
24,Saint Paul Harbor,7,US,1627948480,76,57.79,-152.4072,57.47,5.57
25,Lüderitz,0,NA,1627948219,35,-26.6481,15.1594,66.74,2.8
26,Rikitea,72,PF,1627948480,55,-23.1203,-134.9692,69.08,19.55
27,Jumla,90,NP,1627948481,94,29.2747,82.1838,63.46,3.02
28,Thompson,20,CA,1627948481,41,55.7435,-97.8558,77.16,9.22
29,Shimoda,99,JP,1627948481,83,34.6667,138.95,84.56,7.96
30,Cape Town,0,ZA,1627948413,92,-33.9258,18.4232,57.11,3.44
31,Upernavik,57,GL,1627948481,68,72.7868,-56.1549,46.99,2.53
32,Albany,3,US,1627948209,66,42.6001,-73.9662,72.18,4.0
33,Ushuaia,75,AR,1627948238,81,-54.8,-68.3,38.86,21.85
34,Khatanga,83,RU,1627948482,52,71.9667,102.5,70.34,12.5
35,Ouadda,98,CF,1627948482,99,8.0777,22.4007,66.97,3.69
36,Acapulco de Juárez,37,MX,1627948256,78,16.8634,-99.8901,85.23,7.29
37,Busselton,100,AU,1627948483,77,-33.65,115.3333,54.43,7.63
38,Lebu,7,CL,1627948483,80,-37.6167,-73.65,52.2,20.92
39,Meulaboh,71,ID,1627948483,83,4.1363,96.1285,74.68,4.85
40,Faanui,70,PF,1627948484,76,-16.4833,-151.75,78.87,14.81
41,Ostrovnoy,77,RU,1627948484,99,68.0531,39.5131,49.46,5.66
42,Galveston,97,US,1627948484,79,29.3669,-94.9669,91.51,1.99
43,Jamestown,1,US,1627948313,52,42.097,-79.2353,72.72,5.75
44,Vaini,75,TO,1627948484,83,-21.2,-175.2,71.76,8.05
45,Awjilah,0,LY,1627948485,27,29.1081,21.2869,87.4,8.21
46,Lorengau,25,PG,1627948485,78,-2.0226,147.2712,83.14,9.17
47,São Filipe,50,CV,1627948485,86,14.8961,-24.4956,76.21,4.81
48,Castro,0,BR,1627948486,81,-24.7911,-50.0119,50.02,1.28
49,Puerto Ayora,62,EC,1627948486,86,-0.7393,-90.3518,71.49,9.86
50,Tucumã,46,BR,1627948486,84,-0.1833,-50.05,76.3,5.68
51,Hobart,75,AU,1627948479,82,-42.8794,147.3294,49.26,1.99
52,Nouakchott,82,MR,1627948486,87,18.0858,-15.9785,78.73,7.45
53,Mataura,92,NZ,1627948487,85,-46.1927,168.8643,48.47,4.16
54,Champerico,91,GT,1627948487,75,14.3,-91.9167,88.36,7.05
55,Aracruz,58,BR,1627948487,86,-19.8203,-40.2733,72.23,2.26
56,Naryan-Mar,9,RU,1627948488,93,67.6713,53.087,47.14,5.1
57,Klaksvík,100,FO,1627948488,86,62.2266,-6.589,50.92,12.01
58,Isangel,4,VU,1627948488,52,-19.55,169.2667,74.53,10.92
59,Gushikawa,75,JP,1627948488,84,26.3544,127.8686,83.79,12.66
60,Payo,86,ID,1627948489,92,-3.7508,103.6372,73.04,1.54
61,Dustlik,2,UZ,1627948489,42,40.5247,68.0358,73.83,6.02
62,Saint Anthony,40,US,1627948489,41,45.0205,-93.218,82.94,1.01
63,Barrow,90,US,1627948490,81,71.2906,-156.7887,44.62,19.57
64,Norman Wells,1,CA,1627948490,30,65.282,-126.8329,86.04,10.36
65,São João da Barra,0,BR,1627948490,78,-21.6403,-41.0511,68.52,11.48
66,Bluff,70,NZ,1627948490,61,-46.6,168.3333,48.79,8.77
67,Provideniya,90,RU,1627948491,76,64.3833,-173.3,53.71,11.18
68,Sept-Îles,75,CA,1627948193,72,50.2001,-66.3821,66.72,4.0
69,Hermanus,2,ZA,1627948491,85,-34.4187,19.2345,56.89,8.48
70,Acaraú,8,BR,1627948491,78,-2.8856,-40.12,76.73,3.69
71,Mathathane,0,BW,1627948492,50,-22.2687,28.7495,56.82,11.16
72,Fortuna,20,US,1627948492,71,40.5982,-124.1573,68.94,1.99
73,Mount Gambier,75,AU,1627948492,93,-37.8333,140.7667,46.31,9.22
74,Guamal,100,CO,1627948492,83,9.1433,-74.2238,77.88,4.21
75,Asău,15,RO,1627948493,95,46.4333,26.4,61.72,2.64
76,Codrington,95,AU,1627948493,77,-38.2667,141.9667,50.27,16.13
77,Bambous Virieux,20,MU,1627948493,88,-20.3428,57.7575,59.25,8.05
78,San Cristobal,100,VE,1627948494,98,7.7669,-72.225,77.18,5.37
79,Port Elizabeth,20,ZA,1627948494,88,-33.918,25.5701,55.69,11.5
80,Ponta do Sol,14,PT,1627948494,79,32.6667,-17.1,72.72,7.05
81,Atuona,16,PF,1627948494,75,-9.8,-139.0333,77.52,19.44
82,Angol,36,CL,1627948495,74,-37.8,-72.7167,52.61,6.6
83,Rome,1,US,1627948327,60,43.2128,-75.4557,71.74,9.22
84,Griffith,1,US,1627948495,50,41.5284,-87.4237,75.69,1.01
85,Carnarvon,0,AU,1627948495,46,-24.8667,113.6333,42.87,9.22
86,East London,43,ZA,1627948266,82,-33.0153,27.9116,58.59,17.2
87,Tuatapere,82,NZ,1627948496,74,-46.1333,167.6833,48.81,3.87
88,Port Alfred,23,ZA,1627948496,85,-33.5906,26.891,56.39,17.54
89,Wuda,100,CN,1627948497,52,39.4994,106.7117,69.73,6.26
90,Ancud,99,CL,1627948497,96,-41.8697,-73.8203,51.33,3.31
91,Coquimbo,0,CL,1627948497,82,-29.9533,-71.3436,55.13,8.05
92,Hilo,90,US,1627948398,86,19.7297,-155.09,79.25,0.0
93,Patillas,23,PR,1627948497,81,18.0064,-66.0157,82.06,6.44
94,Chernyshkovskiy,10,RU,1627948498,48,48.4219,42.2308,75.63,0.94
95,Acajutla,100,SV,1627948498,76,13.5928,-89.8275,83.59,6.29
96,Bengkulu,70,ID,1627948499,85,-3.8004,102.2655,75.09,3.4
97,Wawa,100,NG,1627948499,90,9.9022,4.4192,73.44,2.62
98,Hoima,45,UG,1627948499,84,1.4356,31.3436,62.74,0.31
99,Chapais,100,CA,1627948500,77,49.7834,-74.8492,64.18,6.17
100,Quryq,83,KZ,1627948500,23,43.2,51.65,85.14,10.07
101,Batagay-Alyta,0,RU,1627948500,29,67.8006,130.4114,67.75,3.36
102,George Town,40,MY,1627948404,91,5.4112,100.3354,80.89,1.01
103,Barstow,0,US,1627948501,10,34.8986,-117.0228,106.79,5.3
104,Tuktoyaktuk,90,CA,1627948501,87,69.4541,-133.0374,50.0,10.36
105,Kaitangata,99,NZ,1627948502,55,-46.2817,169.8464,50.94,10.92
106,New Norfolk,100,AU,1627948503,79,-42.7826,147.0587,48.92,2.1
107,Avera,25,US,1627948503,47,33.194,-82.5271,87.71,0.98
108,Nanortalik,98,GL,1627948503,94,60.1432,-45.2371,44.46,0.76
109,Fort Nelson,75,CA,1627948504,65,58.8053,-122.7002,76.59,2.3
110,Ribeira Grande,52,PT,1627948504,92,38.5167,-28.7,73.31,7.05
111,Kahului,22,US,1627948504,76,20.8947,-156.47,84.97,17.0
112,Havelock,60,US,1627948505,93,34.8791,-76.9013,80.55,3.0
113,Leningradskiy,100,RU,1627948505,100,69.3833,178.4167,33.21,10.4
114,Tiksi,51,RU,1627948505,60,71.6872,128.8694,50.9,5.21
115,Bell Ville,0,AR,1627948505,54,-32.6259,-62.6887,47.66,8.14
116,Nikolskoye,100,RU,1627948506,97,59.7035,30.7861,59.02,15.35
117,Argentan,100,FR,1627948506,97,48.75,-0.0167,56.12,3.56
118,Poum,8,NC,1627948506,61,-20.2333,164.0167,69.93,6.6
119,Xingtai,34,CN,1627948506,78,37.0631,114.4942,76.68,1.14
120,Sangar,0,RU,1627948507,32,63.9242,127.4739,72.32,8.12
121,Cabo San Lucas,40,MX,1627948243,66,22.8909,-109.9124,97.52,13.35
122,Ilulissat,99,GL,1627948507,84,69.2167,-51.1,41.14,3.33
123,Carauari,48,BR,1627948507,53,-4.8828,-66.8958,76.95,1.63
124,Pangnirtung,94,CA,1627948508,88,66.1451,-65.7125,45.23,4.25
125,Three Hills,100,CA,1627948508,73,51.7001,-113.2686,77.49,12.66
126,Shingū,100,JP,1627948508,76,33.7333,135.9833,80.91,1.28
127,Deputatsky,18,RU,1627948509,48,69.3,139.9,49.15,6.76
128,Bonavista,99,CA,1627948509,68,48.6499,-53.1147,64.4,12.15
129,Itoman,40,JP,1627948509,84,26.1247,127.6694,84.58,17.27
130,Okoneshnikovo,77,RU,1627948510,77,54.8377,75.0834,60.8,7.29
131,Taicheng,90,CN,1627948510,80,38.731,113.228,67.69,4.03
132,Pitimbu,12,BR,1627948510,85,-7.4706,-34.8086,72.19,11.77
133,St. George's,20,GD,1627948510,78,12.0564,-61.7485,82.08,6.91
134,Aklavik,90,CA,1627948511,82,68.2191,-135.0107,59.0,10.36
135,Alcoa,90,US,1627948309,56,35.7895,-83.9738,82.74,10.36
136,Ayagoz,15,KZ,1627948511,39,47.9714,80.4392,70.2,4.16
137,Fuerte Olimpo,2,PY,1627948511,43,-21.0415,-57.8738,67.69,5.53
138,Nara,100,JP,1627948512,89,34.6851,135.8049,81.25,3.11
139,Uporovo,100,RU,1627948512,83,56.3109,66.2693,60.06,7.34
140,Caravelas,69,BR,1627948512,77,-17.7125,-39.2481,66.47,4.03
141,Pathalgaon,99,IN,1627948513,96,22.5667,83.4667,71.29,3.8
142,Nhulunbuy,20,AU,1627948513,69,-12.2333,136.7667,81.21,9.22
143,Rabaul,23,PG,1627948513,72,-4.1967,152.1721,83.32,6.46
144,Oulainen,100,FI,1627948513,77,64.2667,24.8,55.26,6.58
145,Yuci,20,CN,1627948514,64,37.6803,112.7319,74.95,6.71
146,Bunbury,100,AU,1627948514,71,-33.3333,115.6333,54.95,6.58
147,Cidreira,0,BR,1627948514,85,-30.1811,-50.2056,52.81,4.56
148,Husavik,81,IS,1627948514,90,66.0449,-17.3389,51.71,2.62
149,Burns Lake,23,CA,1627948515,44,54.2331,-125.7533,81.82,6.62
150,Tazovsky,63,RU,1627948515,81,67.4667,78.7,56.71,6.69
151,Brunsbüttel,17,DE,1627948515,88,53.9,9.15,57.43,5.37
152,Kavieng,31,PG,1627948516,74,-2.5744,150.7967,83.86,10.18
153,Brownsville,20,US,1627948224,66,25.9018,-97.4975,93.2,5.01
154,Longyearbyen,75,SJ,1627948516,71,78.2186,15.6401,46.24,21.85
155,Egvekinot,100,RU,1627948516,90,66.3167,-179.1667,35.96,13.06
156,Kloulklubed,57,PW,1627948517,80,7.0419,134.2556,84.7,13.11
157,Flinders,60,AU,1627948517,70,-34.5833,150.8552,64.06,3.0
158,Belaya Gora,8,RU,1627948517,38,68.5333,146.4167,55.67,8.93
159,Plainview,7,US,1627948517,53,40.7765,-73.4673,80.08,1.01
160,Bud,2,US,1627948518,60,39.447,-86.1758,75.22,4.88
161,Walvis Bay,0,NA,1627948518,59,-22.9575,14.5053,62.1,5.75
162,Luanda,0,AO,1627948317,94,-8.8368,13.2343,71.6,9.22
163,Airai,81,TL,1627948518,51,-8.9266,125.4092,67.59,3.91
164,Makakilo City,75,US,1627948519,59,21.3469,-158.0858,82.72,11.5
165,Saint-Pierre,40,RE,1627948519,63,-21.3393,55.4781,65.88,9.22
166,Cody,1,US,1627948519,33,44.5263,-109.0565,92.21,13.8
167,Alta Floresta,59,BR,1627948520,36,-9.8756,-56.0861,79.2,4.92
168,Sangīn,0,AF,1627948520,14,32.0728,64.8359,80.64,3.38
169,Hofn,94,IS,1627948520,86,64.2539,-15.2082,52.93,8.01
170,Saint-Philippe,8,RE,1627948520,70,-21.3585,55.7679,65.79,1.41
171,Sorong,70,ID,1627948521,76,-0.8833,131.25,81.81,6.69
172,Tecomán,58,MX,1627948521,69,18.9167,-103.8833,92.41,5.39
173,Daru,87,PG,1627948521,65,-9.0763,143.2092,79.86,8.41
174,Paamiut,98,GL,1627948522,95,61.994,-49.6678,43.43,7.99
175,Hay River,20,CA,1627948522,35,60.8156,-115.7999,85.98,5.75
176,Kalianget,27,ID,1627948522,75,-7.05,113.9333,81.0,6.53
177,Gorontalo,60,ID,1627948522,73,0.5412,123.0595,82.11,1.68
178,Sakakah,0,SA,1627948523,13,29.9697,40.2064,87.37,8.34
179,Aswān,0,EG,1627948523,16,24.0934,32.907,92.5,5.75
180,Zhangaözen,7,KZ,1627948523,18,43.3,52.8,83.66,6.76
181,Bubaque,99,GW,1627948524,82,11.2833,-15.8333,79.3,17.25
182,Russell,75,US,1627948524,92,32.3502,-85.1999,74.91,6.91
183,Mossamedes,80,AO,1627948524,83,-15.1961,12.1522,67.82,5.06
184,Moose Factory,75,CA,1627948524,76,51.2585,-80.6094,64.4,18.41
185,Torbay,90,CA,1627948525,75,47.6666,-52.7314,65.17,3.44
186,Souillac,20,MU,1627948525,88,-20.5167,57.5167,59.38,8.05
187,Vanimo,77,PG,1627948525,70,-2.6741,141.3028,84.15,7.74
188,Maningrida,72,AU,1627948526,62,-12.0667,134.2667,79.74,9.42
189,Mandalgovi,1,MN,1627948526,66,45.7625,106.2708,56.25,14.2
190,Jijiang,0,CN,1627948526,67,29.2906,106.2542,86.59,1.72
191,Zyryanka,65,RU,1627948527,50,65.75,150.85,52.75,7.52
192,Dikson,86,RU,1627948527,81,73.5069,80.5464,51.03,7.11
193,Saskylakh,45,RU,1627948527,49,71.9167,114.0833,68.09,9.37
194,Savonlinna,75,FI,1627948527,100,61.8699,28.88,59.05,6.91
195,Mahon,0,ES,1627948528,68,39.8885,4.2658,73.96,4.61
196,Atar,37,MR,1627948528,43,20.5169,-13.0499,88.3,12.48
197,Lodwar,87,KE,1627948528,39,3.1191,35.5973,81.95,10.92
198,Mizdah,0,LY,1627948529,32,31.4451,12.9801,79.5,8.66
199,Lompoc,1,US,1627948366,65,34.6391,-120.4579,89.02,14.97
200,Ballina,75,AU,1627948529,94,-28.8667,153.5667,66.16,8.05
201,Laas,60,IT,1627948529,91,46.6166,10.7002,56.03,0.81
202,Eirunepé,8,BR,1627948529,49,-6.6603,-69.8736,75.83,2.51
203,Nantucket,4,US,1627948530,78,41.2835,-70.0995,75.31,9.71
204,Khambhāliya,99,IN,1627948530,80,22.2072,69.6683,80.26,17.63
205,Palimbang,41,PH,1627948530,70,6.2106,124.1894,84.02,1.41
206,São Lourenço do Oeste,0,BR,1627948531,77,-26.3592,-52.8511,45.12,3.53
207,Bethel,44,US,1627948531,77,41.3712,-73.414,76.12,2.46
208,Umm Kaddadah,68,SD,1627948531,61,13.6017,26.6876,79.84,13.42
209,Eyl,35,SO,1627948532,60,7.9803,49.8164,79.03,26.84
210,Vila Franca do Campo,0,PT,1627948532,82,37.7167,-25.4333,68.41,5.5
211,Sayyan,96,YE,1627948532,67,15.1718,44.3244,62.01,4.47
212,Chokwé,39,MZ,1627948532,86,-24.5333,32.9833,62.37,5.06
213,Banda Aceh,97,ID,1627948533,78,5.5577,95.3222,79.56,13.24
214,Melton Mowbray,98,GB,1627948533,10,52.7659,-0.8869,57.4,3.56
215,Dwārka,100,IN,1627948533,82,22.2394,68.9678,81.34,22.19
216,Murgab,0,TM,1627948534,14,37.4966,61.9714,78.03,8.39
217,Beloha,2,MG,1627948534,71,-25.1667,45.05,63.66,5.93
218,Huilong,4,CN,1627948534,86,31.8111,121.655,87.04,14.67
219,Half Moon Bay,40,US,1627948534,59,37.4636,-122.4286,91.74,1.01
220,Bobo-Dioulasso,0,BF,1627948535,88,11.1771,-4.2979,77.45,3.44
221,Yichun,94,CN,1627948409,79,47.7,128.9,75.31,4.36
222,Westport,1,US,1627948250,51,41.1415,-73.3579,80.42,1.01
223,Te Anau,45,NZ,1627948535,84,-45.4167,167.7167,44.13,1.66
224,Saint George,1,US,1627948536,15,37.1041,-113.5841,104.63,1.01
225,Iralaya,89,HN,1627948536,85,15.0,-83.2333,82.49,13.29
226,Xining,100,CN,1627948536,95,36.6167,101.7667,56.84,1.23
227,Torquay,46,GB,1627948536,61,50.4638,-3.5143,56.86,6.44
228,Yaviza,100,PA,1627948280,97,8.1537,-77.6931,76.12,0.54
229,Cauquenes,3,CL,1627948537,57,-35.9671,-72.3225,50.65,4.56
230,Chernyshevskiy,38,RU,1627948537,39,63.0128,112.4714,68.85,10.13
231,Abalak,91,RU,1627948537,76,58.1286,68.5944,59.7,4.94
232,Beyneu,0,KZ,1627948538,15,45.3167,55.2,86.97,6.73
233,Khandyga,44,RU,1627948538,39,62.6667,135.6,74.3,1.99
234,Denpasar,75,ID,1627948370,94,-8.65,115.2167,76.66,11.5
235,Patiya,92,BD,1627948538,97,22.2931,91.9762,75.67,5.35
236,Sooke,30,CA,1627948539,58,48.3746,-123.7276,83.41,8.63
237,Olden,20,NO,1627948539,95,61.8364,6.8064,51.91,3.67
238,Priyutnoye,25,RU,1627948539,45,46.1011,43.5072,77.58,5.26
239,Camacha,40,PT,1627948540,78,33.0833,-16.3333,68.76,13.8
240,Tual,97,ID,1627948540,72,-5.6667,132.75,81.91,19.75
241,Saryozek,93,KZ,1627948540,26,44.3583,77.9753,68.16,2.62
242,Mbandaka,79,CD,1627948541,72,0.0487,18.2603,72.28,3.49
243,Lufilufi,81,WS,1627948541,70,-13.8745,-171.5986,83.98,11.59
244,Touros,19,BR,1627948541,83,-5.1989,-35.4608,74.3,14.97
245,Malabo,40,GQ,1627948404,94,3.75,8.7833,78.66,8.05
246,Honningsvåg,64,NO,1627948542,77,70.9821,25.9704,48.07,16.84
247,Teya,78,RU,1627948542,84,60.3778,92.6267,58.57,1.43
248,Baracoa,100,CU,1627948542,83,20.3467,-74.4958,81.14,7.61
249,São Paulo de Olivença,36,BR,1627948543,65,-3.3783,-68.8725,75.29,1.83
250,Jayuya,73,PR,1627948543,91,18.2186,-66.5916,76.96,1.01
251,Vila,56,PT,1627948543,85,42.0304,-8.1588,58.33,4.03
252,Binga,0,ZW,1627948543,58,-17.6203,27.3414,61.07,4.0
253,Antón Lizardo,50,MX,1627948544,73,19.05,-95.9833,87.22,8.79
254,São Gabriel da Cachoeira,66,BR,1627948544,70,-0.1303,-67.0892,75.92,1.61
255,Barra de Tecoanapa,70,MX,1627948544,74,16.5167,-98.75,85.69,9.44
256,Bestöbe,19,KZ,1627948545,56,52.4994,73.0975,65.77,8.5
257,Mahébourg,20,MU,1627948545,88,-20.4081,57.7,59.29,8.05
258,Constantine,40,DZ,1627948545,73,36.365,6.6147,71.01,8.05
259,Tura,100,IN,1627948545,98,25.5198,90.2201,74.17,3.76
260,Mackenzie,1,CA,1627948546,68,55.2999,-123.1698,71.82,0.0
261,Agadez,0,NE,1627948546,13,19.75,10.25,90.54,7.0
262,Oskarshamn,25,SE,1627948546,84,57.2645,16.4484,58.8,8.57
263,Pevek,92,RU,1627948547,84,69.7008,170.3133,34.97,19.69
264,Hong Kong,100,HK,1627948402,93,22.2855,114.1577,84.33,1.99
265,Santa Vitória do Palmar,21,BR,1627948547,96,-33.5189,-53.3681,49.01,5.64
266,Chui,14,UY,1627948547,95,-33.6971,-53.4616,48.76,5.59
267,Vanavara,100,RU,1627948548,84,60.34,102.2797,60.69,3.36
268,Oddur,69,SO,1627948548,76,4.1213,43.8894,68.88,17.27
269,Srīvardhan,100,IN,1627948548,85,18.0333,73.0167,79.68,16.33
270,Karpogory,94,RU,1627948548,92,64.0019,44.4451,56.91,5.44
271,Ostrów Wielkopolski,41,PL,1627948549,66,51.655,17.8069,55.42,6.98
272,Beira,0,MZ,1627948549,71,-19.8436,34.8389,66.83,8.39
273,Coos Bay,90,US,1627948549,88,43.3665,-124.2179,98.85,23.02
274,Qaqortoq,95,GL,1627948549,97,60.7167,-46.0333,43.77,3.33
275,Amarwāra,98,IN,1627948550,91,22.3,79.1667,69.91,11.21
276,Fairlie,4,GB,1627948550,87,55.756,-4.8556,54.39,1.48
277,Solikamsk,43,RU,1627948550,97,59.6196,56.7729,57.29,0.89
278,Ust-Kuyga,11,RU,1627948551,34,70.0167,135.6,66.65,2.82
279,San Patricio,88,US,1627948551,55,28.017,-97.5169,92.53,13.04
280,Ust-Maya,100,RU,1627948551,66,60.4167,134.5333,62.15,12.08
281,Yakeshi,31,CN,1627948551,72,49.2833,120.7333,65.97,4.47
282,Tiarei,90,PF,1627948552,73,-17.5333,-149.3333,82.42,11.23
283,Alofi,40,NU,1627948552,69,-19.0595,-169.9187,76.89,11.5
284,Buraidah,5,SA,1627948552,11,26.326,43.975,84.65,3.67
285,Dakar,40,SN,1627948433,94,14.6937,-17.4441,78.93,4.61
286,Luís Correia,20,BR,1627948553,72,-2.8792,-41.6669,76.73,5.5
287,Bone,20,DE,1627948553,82,51.9669,12.1396,61.47,4.52
288,Praia,75,CV,1627948553,78,14.9215,-23.5087,79.34,9.22
289,Boende,99,CD,1627948554,65,-0.2167,20.8667,76.1,1.19
290,Lata,37,PT,1627948554,95,40.1629,-8.3327,62.04,1.07
291,Montauban,7,FR,1627948554,71,44.0167,1.35,66.99,1.9
292,Loukhi,100,RU,1627948555,98,66.0764,33.0381,53.51,6.98
293,Launceston,94,AU,1627948555,90,-41.45,147.1667,49.15,1.01
294,Rolla,84,US,1627948555,66,37.9514,-91.7713,79.14,1.01
295,Pedro Juan Caballero,14,PY,1627948555,58,-22.5472,-55.7333,57.38,5.21
296,Yar-Sale,98,RU,1627948556,92,66.8333,70.8333,56.19,4.79
297,Puerto Escondido,81,MX,1627948556,73,15.85,-97.0667,84.51,4.21
298,Oistins,20,BB,1627948542,78,13.0667,-59.5333,80.69,9.22
299,Margate,100,GB,1627948556,76,51.3813,1.3862,61.03,1.01
300,Clyde River,90,CA,1627948557,93,70.4692,-68.5914,37.63,5.75
301,Litovko,8,RU,1627948557,60,49.2361,135.1742,77.58,9.86
302,Grand-Santi,54,GF,1627948557,97,4.25,-54.3833,72.61,1.95
303,Tongliao,100,CN,1627948557,84,43.6125,122.2653,66.0,4.05
304,Solano,1,US,1627948558,25,38.2333,-121.9511,100.94,11.5
305,Nemuro,100,JP,1627948558,96,43.3236,145.575,77.43,5.61
306,The Valley,20,AI,1627948558,74,18.217,-63.0578,82.54,10.36
307,Ajdabiya,0,LY,1627948559,27,30.7554,20.2263,86.52,8.55
308,Moroni,1,KM,1627948559,71,-11.7022,43.2551,74.39,7.36
309,Panjakent,9,TJ,1627948559,34,39.4952,67.6093,73.2,7.7
310,Lagoa,8,PT,1627948559,92,39.05,-27.9833,71.87,5.7
311,Bilibino,99,RU,1627948560,75,68.0546,166.4372,35.6,11.36
312,Iisalmi,100,FI,1627948560,97,63.5592,27.1907,60.82,5.35
313,Oranjemund,0,NA,1627948561,60,-28.55,16.4333,59.25,4.47
314,Nambiyūr,96,IN,1627948561,78,11.3667,77.3333,74.79,6.89
315,Tecolutla,53,MX,1627948561,74,20.4833,-97.0167,84.33,10.78
316,Boyolangu,93,ID,1627948562,91,-8.1181,111.8935,75.11,8.48
317,Ontario,1,US,1627948562,17,34.0633,-117.6509,110.73,5.99
318,Polis,0,CY,1627948562,41,35.0367,32.4264,82.22,0.87
319,Vardø,51,NO,1627948562,86,70.3705,31.1107,47.71,1.03
320,Ulladulla,43,AU,1627948563,53,-35.35,150.4667,61.88,12.66
321,Noumea,0,NC,1627948563,99,-22.2763,166.4572,73.0,7.31
322,Sobolevo,58,RU,1627948563,82,54.4299,31.8996,59.97,9.89
323,Anadyr,90,RU,1627948564,93,64.75,177.4833,46.9,17.9
324,Olafsvik,100,IS,1627948564,81,64.8945,-23.7142,53.06,5.73
325,Sydney,40,AU,1627948522,83,-33.8679,151.2073,64.31,1.99
326,Piaçabuçu,21,BR,1627948564,88,-10.4056,-36.4344,71.94,10.33
327,Singapore,75,SG,1627948457,97,1.2897,103.8501,75.34,0.0
328,Grindavik,75,IS,1627948565,100,63.8424,-22.4338,53.55,8.05
329,Koyelga,52,RU,1627948565,66,54.6522,60.9049,64.0,6.6
330,Haines Junction,96,CA,1627948565,41,60.7522,-137.5108,76.95,4.61
331,Kavaratti,81,IN,1627948566,72,10.5669,72.642,81.82,13.29
332,Ribas do Rio Pardo,5,BR,1627948566,53,-20.4431,-53.7592,67.14,6.38
333,Hualmay,7,PE,1627948566,81,-11.0964,-77.6139,64.58,11.61
334,Nabire,89,ID,1627948566,89,-3.3667,135.4833,78.04,3.44
335,Praia,75,CV,1627948567,78,14.9215,-23.5087,79.34,9.22
336,Sumenep,22,ID,1627948567,75,-7.0167,113.8667,80.76,5.19
337,Yangi Marg`ilon,77,UZ,1627948567,56,40.4272,71.7189,72.82,2.3
338,Mosquera,40,CO,1627948568,58,4.7059,-74.2302,59.09,11.5
339,Chufarovo,19,RU,1627948568,62,54.0963,47.3367,70.23,7.63
340,Lavrentiya,100,RU,1627948568,99,65.5833,-171.0,45.16,8.03
341,Mackay,6,AU,1627948569,83,-21.15,149.2,76.05,5.75
342,Ixtapa,33,MX,1627948569,78,20.7,-105.2,87.22,4.0
343,Bergeijk,90,NL,1627948569,94,51.3192,5.3583,58.71,1.14
344,Kānt,11,IN,1627948570,88,27.8,79.8,78.35,12.1
345,Broken Hill,4,AU,1627948570,87,-31.95,141.4333,44.31,17.27
346,Yenagoa,100,NG,1627948570,94,4.9247,6.2642,74.86,3.49
347,Bathsheba,20,BB,1627948571,78,13.2167,-59.5167,81.21,9.22
348,Sitka,90,US,1627948571,67,57.0531,-135.33,62.49,10.36
349,Porto Santo,40,PT,1627948571,78,33.072,-16.3415,71.51,13.8
350,Villarrobledo,6,ES,1627948572,76,39.2699,-2.6012,67.78,13.31
351,Huarmey,5,PE,1627948572,80,-10.0681,-78.1522,66.0,9.75
352,La Ronge,40,CA,1627948572,34,55.1001,-105.2842,82.65,3.44
353,Semnan,96,IR,1627948573,32,35.5729,53.3971,78.19,11.41
354,Cayenne,36,GF,1627948573,85,4.9333,-52.3333,79.09,0.0
355,Viedma,80,AR,1627948573,34,-40.8135,-62.9967,56.37,8.1
356,Sambava,12,MG,1627948573,90,-14.2667,50.1667,66.94,6.58
357,Marrakesh,0,MA,1627948574,60,31.6315,-8.0083,73.47,8.05
358,Jianning,0,CN,1627948574,64,27.8333,113.15,86.13,4.65
359,Tilichiki,77,RU,1627948574,49,60.4667,166.1,51.35,21.68
360,Arlit,99,NE,1627948575,40,18.7369,7.3853,89.08,15.08
361,Oxapampa,92,PE,1627948575,96,-10.5775,-75.4017,56.77,0.85
362,Mpika,20,ZM,1627948575,64,-11.8343,31.4529,53.51,5.55
363,Mayskiy,2,RU,1627948575,37,47.6931,40.1025,72.81,5.84
364,Wiang Sa,95,TH,1627948576,94,8.6359,99.3666,81.0,2.15
365,Mingoyo,29,TZ,1627948576,92,-10.1,39.6333,65.25,3.8
366,Şırnak,40,TR,1627948576,44,37.5228,42.4594,68.92,8.08
367,Dawlatabad,0,AF,1627948577,16,36.4141,64.9053,79.93,5.84
368,Aykhal,88,RU,1627948577,49,66.0,111.5,68.97,16.26
369,Safranbolu,0,TR,1627948577,59,41.2508,32.6942,63.9,1.95
370,Vestmannaeyjar,100,IS,1627948577,83,63.4427,-20.2734,52.72,3.91
371,Jasper,46,US,1627948578,63,37.2001,-94.3502,80.83,1.99
372,Port Hardy,40,CA,1627948578,63,50.6996,-127.4199,66.38,11.5
373,Severo-Kuril'sk,97,RU,1627948578,73,50.6789,156.125,52.92,19.22
374,Tierra Colorada,51,MX,1627948579,86,17.1667,-99.5833,83.66,3.58
375,St. Pete Beach,70,US,1627948579,71,27.7253,-82.7412,89.02,1.01
376,Thunder Bay,40,CA,1627948579,37,48.4001,-89.3168,80.58,9.22
377,Šibenik,85,HR,1627948579,42,43.7272,15.9058,76.66,4.34
378,Vila Velha,0,BR,1627948580,81,-20.3297,-40.2925,72.97,0.0
379,Bowen,7,AU,1627948580,62,-20.0167,148.2333,68.22,10.36
380,Maraã,90,BR,1627948580,61,-1.8333,-65.3667,77.18,0.96
381,Talaya,95,RU,1627948581,61,61.3833,152.75,42.31,13.62
382,Yuancheng,97,CN,1627948581,59,36.652,107.7896,71.67,18.99
383,Manggar,97,ID,1627948581,74,-2.8833,108.2667,82.76,11.74
384,Jutaí,8,BR,1627948581,55,-5.1833,-68.9,75.33,1.16
385,Gondanglegi,34,ID,1627948582,84,-7.7479,112.0132,76.98,14.38
386,Inta,54,RU,1627948582,83,66.0317,60.1659,54.05,4.32
387,Pāsighāt,100,IN,1627948582,94,28.0667,95.3333,77.52,2.48
388,Cockburn Town,40,TC,1627948429,74,21.4612,-71.1419,82.36,13.8
389,Biak,58,ID,1627948583,70,-0.9131,122.8766,79.36,7.38
390,Lavumisa,57,SZ,1627948583,87,-27.31,31.892,61.07,1.79
391,Natchitoches,75,US,1627948583,94,31.7668,-93.1335,79.65,0.0
392,Erenhot,100,CN,1627948583,58,43.6475,111.9767,71.6,12.77
393,Katsuura,48,JP,1627948584,76,35.1333,140.3,86.14,11.1
394,Horsham,0,GB,1627948584,77,51.064,-0.3272,60.31,3.44
395,Kabelvåg,100,NO,1627948584,80,68.2114,14.4817,49.53,6.11
396,Urengoy,13,RU,1627948585,80,65.9667,78.3667,60.08,7.2
397,Storm Lake,1,US,1627948585,56,42.6411,-95.2097,79.36,0.0
398,Talnakh,98,RU,1627948585,51,69.4865,88.3972,70.99,5.01
399,Chegdomyn,100,RU,1627948585,94,51.1167,133.0167,69.04,1.79
400,Ouahigouya,91,BF,1627948586,60,13.5828,-2.4216,83.16,11.36
401,Mar del Plata,0,AR,1627948586,46,-38.0023,-57.5575,52.12,8.99
402,Searcy,48,US,1627948586,99,35.2506,-91.7363,87.22,5.68
403,Quelimane,0,MZ,1627948587,80,-17.8786,36.8883,61.77,2.82
404,Kiunga,85,PG,1627948587,76,-6.1219,141.2906,77.16,3.74
405,Constitución,0,CL,1627948587,70,-35.3333,-72.4167,54.46,7.36
406,Quatre Cocos,1,MU,1627948587,72,-20.2078,57.7625,59.11,4.97
407,Saint-Augustin,100,CA,1627948588,80,51.226,-58.6502,60.89,14.45
408,Dubbo,90,AU,1627948588,87,-32.25,148.6167,51.93,11.5
409,Barra de São Francisco,98,BR,1627948588,73,-18.755,-40.8908,64.89,3.18
410,Seidu,10,SL,1627948589,96,9.0167,-10.6,66.07,2.1
411,Broome,0,US,1627948589,71,42.2506,-75.833,65.17,2.82
412,Río Gallegos,0,AR,1627948589,61,-51.6226,-69.2181,42.85,25.32
413,Washington,1,US,1627948146,20,47.5001,-120.5015,99.77,11.18
414,Capaci,0,IT,1627948590,88,38.1711,13.2393,85.5,1.01
415,Katangli,100,RU,1627948590,94,51.7102,143.2326,53.06,12.75
416,Hirara,75,JP,1627948590,89,24.8,125.2833,82.67,6.91
417,Fiumicino,0,IT,1627948590,77,41.7675,12.2291,76.48,2.3
418,Eureka,53,US,1627948591,74,40.8021,-124.1637,69.21,3.0
419,Ngunguru,33,NZ,1627948591,76,-35.6167,174.5,56.16,26.02
420,Tottori-shi,75,JP,1627948468,73,35.5,134.2333,78.87,5.75
421,Nome,90,US,1627948591,88,64.5011,-165.4064,59.16,14.97
422,Pacific Grove,59,US,1627948533,71,36.6177,-121.9166,91.15,5.01
423,Vershino-Darasunskiy,93,RU,1627948592,86,52.35,115.5167,61.63,2.68
424,Teahupoo,87,PF,1627948592,73,-17.8333,-149.2667,76.96,12.82
425,Tabuk,100,PH,1627948592,76,17.4189,121.4443,80.58,1.41
426,Pringsewu,96,ID,1627948593,95,-5.3582,104.9744,74.23,2.28
427,Kluczbork,9,PL,1627948593,84,50.9728,18.2182,58.98,6.46
428,Tiznit Province,21,MA,1627948593,74,29.5833,-9.5,65.77,3.85
429,Lázaro Cárdenas,17,MX,1627948594,75,17.9583,-102.2,85.12,9.24
430,Yagodnoye,55,RU,1627948594,50,62.55,149.6667,48.06,8.88
431,Ushtobe,100,KZ,1627948594,23,45.2514,77.9838,72.84,6.85
432,Kamenka,23,RU,1627948594,47,51.3223,42.7678,73.27,4.79
433,Honiara,40,SB,1627948595,70,-9.4333,159.95,83.48,5.14
434,San Angelo,100,US,1627948508,49,31.4638,-100.437,86.63,3.0
435,Guilin,77,CN,1627948595,71,25.2819,110.2864,80.71,3.27
436,Mason City,55,US,1627948595,47,43.1536,-93.201,80.1,5.39
437,Rawson,45,AR,1627948596,35,-43.3002,-65.1023,57.63,9.89
438,Sistranda,53,NO,1627948596,70,63.7256,8.834,51.91,5.41
439,Grants Pass,1,US,1627948596,16,42.439,-123.3284,103.6,1.01
440,Poindimié,4,NC,1627948597,58,-20.9333,165.3333,71.08,6.02
441,Rocha,17,UY,1627948597,92,-34.4833,-54.3333,44.94,0.36
442,Novoanninskiy,12,RU,1627948597,43,50.5287,42.6747,75.52,6.44
443,Novobirilyussy,87,RU,1627948597,77,56.9514,90.6661,58.33,2.66
444,Ilebo,87,CD,1627948598,34,-4.3167,20.5833,69.57,1.66
445,Berezyne,22,UA,1627948598,85,46.2294,29.2022,70.41,7.4
446,Dingle,100,PH,1627948598,78,10.9995,122.6711,83.16,12.82
447,Mugur-Aksy,6,RU,1627948599,53,50.35,90.5,54.55,1.83
448,Marsh Harbour,100,BS,1627948599,75,26.5412,-77.0636,83.55,12.19
449,Ban Nahin,99,LA,1627948599,99,18.2418,104.2122,75.65,2.15
450,Farah,0,AF,1627948599,16,32.5,62.5,77.92,5.19
451,Kanniyākumāri,100,IN,1627948600,79,8.0833,77.5667,78.49,18.72
452,Richards Bay,95,ZA,1627948600,82,-28.783,32.0377,63.99,4.76
453,Campbellsville,17,US,1627948600,48,37.3434,-85.3419,78.58,6.08
454,Pochutla,87,MX,1627948601,78,15.7432,-96.4661,87.82,4.94
455,Koubia,56,GN,1627948601,97,11.5833,-11.9,66.33,3.8
456,Līsakovsk,34,KZ,1627948601,60,52.5369,62.4936,67.53,1.99
457,Usinsk,99,RU,1627948602,91,65.9939,57.5281,53.92,5.19
458,Basco,100,PH,1627948602,91,20.4487,121.9702,81.37,30.98
459,Hangu,31,CN,1627948602,78,39.2489,117.7892,78.84,3.8
460,Luau,35,AO,1627948603,41,-10.7073,22.2247,62.64,3.29
461,Derzhavīnsk,5,KZ,1627948603,49,51.1,66.3167,69.53,1.23
462,Sirte,0,LY,1627948603,70,31.2089,16.5887,82.6,7.65
463,Los Llanos de Aridane,90,ES,1627948604,92,28.6585,-17.9182,69.55,11.5
464,Kingsland,94,US,1627948604,62,30.8,-81.6898,84.04,1.99
465,Laguna,1,US,1627948604,16,38.421,-121.4238,103.44,4.0
466,Beringovskiy,100,RU,1627948605,95,63.05,179.3167,44.38,5.17
467,Vondrozo,28,MG,1627948605,98,-22.8167,47.2833,57.24,3.15
468,Johnson City,1,US,1627948539,68,36.3134,-82.3535,77.58,0.0
469,Naze,77,JP,1627948605,85,28.3667,129.4833,81.52,16.8
470,Yarmouth,28,US,1627948606,71,41.7057,-70.2286,74.97,1.99
471,Langham,79,CA,1627948606,17,52.3668,-106.9679,96.03,7.94
472,Gopālpur,100,IN,1627948606,69,19.2667,84.9167,83.57,4.03
473,Eskişehir,0,TR,1627948606,35,39.7767,30.5206,67.87,3.36
474,Sanguéya,82,GN,1627948607,96,10.7,-14.3667,73.06,3.85
475,Popondetta,88,PG,1627948607,57,-8.7537,148.2534,85.62,2.51
476,Ürümqi,0,CN,1627948348,25,43.801,87.6005,70.75,11.18
477,Antofagasta,1,CL,1627948607,74,-23.65,-70.4,56.48,2.98
478,Hamilton,74,US,1627948588,58,39.1834,-84.5333,75.97,1.01
479,Takoradze,52,GH,1627948608,89,4.8845,-1.7554,75.92,5.53
480,Haapsalu,18,EE,1627948608,82,58.9431,23.5414,61.02,11.32
481,Fairbanks,1,US,1627948608,43,64.8378,-147.7164,87.1,4.61
482,Selizharovo,96,RU,1627948609,91,56.8519,33.4487,58.23,12.73
483,Faya,100,SA,1627948609,67,18.3851,42.4509,64.51,8.5
484,Makkah al Mukarramah,70,SA,1627948609,58,21.4267,39.8261,85.82,7.72
485,Baruun-Urt,96,MN,1627948610,44,46.6806,113.2792,69.26,7.76
486,Araouane,30,ML,1627948610,32,18.9048,-3.5265,95.92,6.8
487,Payakumbuh,96,ID,1627948610,95,-0.2202,100.6308,70.36,1.52
488,Sorata,93,BO,1627948610,94,-15.7667,-68.6333,39.88,5.77
489,Okhotsk,100,RU,1627948611,62,59.3833,143.3,59.67,11.1
490,Tunceli,65,TR,1627948611,50,39.1083,39.5471,75.6,7.52
491,Hailar,41,CN,1627948611,64,49.2,119.7,67.05,7.2
492,Moerai,68,PF,1627948612,77,-22.4333,-151.3333,75.24,19.24
493,Metro,99,ID,1627948612,88,-5.1131,105.3067,75.07,3.85
494,Chipinge,0,ZW,1627948612,58,-20.1883,32.6236,50.65,6.49
495,Puerto del Rosario,10,ES,1627948497,78,28.5004,-13.8627,71.35,14.97
496,Keïta,89,NE,1627948612,72,14.7551,5.7749,79.61,12.19
497,Hervey Bay,3,AU,1627948613,79,-25.2986,152.8535,77.04,4.0
498,Landskrona,22,SE,1627948613,81,55.8708,12.8302,61.99,8.12
499,Comodoro Rivadavia,0,AR,1627948450,26,-45.8667,-67.5,58.86,23.02
500,Ihosy,14,MG,1627948613,72,-22.4,46.1167,55.04,3.89
501,La Palma,1,US,1627948614,35,33.8464,-118.0467,109.81,7.0
502,Oshnavīyeh,37,IR,1627948614,71,37.0397,45.0983,64.65,2.64
503,Pyaozerskiy,100,RU,1627948614,89,65.8333,31.1667,52.84,8.77
504,Santa Fe,0,AR,1627948534,67,-31.6333,-60.7,54.01,5.86
505,Nishihara,40,JP,1627948615,84,26.1842,127.7558,83.68,17.27
506,Mayo,23,US,1627948615,67,38.8876,-76.5119,79.39,3.0
507,Las Cruces,77,US,1627948503,50,32.3123,-106.7783,89.47,7.29
508,Todos Santos,81,MX,1627948615,72,23.45,-110.2167,97.02,5.21
509,Umluj,6,SA,1627948616,39,25.0213,37.2685,89.44,4.09
510,Kondoa,43,TZ,1627948616,82,-4.9,35.7833,54.21,4.0
511,Ingleside,1,US,1627948616,76,27.8778,-97.2117,90.05,1.99
512,Gamba,71,GA,1627948616,90,-2.65,10.0,72.72,3.11
513,Ambilobe,3,MG,1627948617,90,-13.2,49.05,65.12,3.13
514,Chimbote,6,PE,1627948617,83,-9.0853,-78.5783,64.9,8.93
515,De-Kastri,100,RU,1627948617,97,51.4667,140.7833,55.98,7.45
516,Solhan,9,TR,1627948618,55,38.9634,41.0293,68.41,6.93
517,Liaocheng,3,CN,1627948618,80,36.4439,115.9647,77.14,6.08
518,Cherskiy,62,RU,1627948618,50,68.75,161.3,46.47,17.4
519,Pangoa,72,PE,1627948619,62,-12.1167,-73.0,71.85,2.21
520,Birjand,0,IR,1627948619,18,32.8663,59.2211,68.47,9.22
521,Panan,100,PH,1627948619,85,15.2134,120.0272,84.24,15.37
522,Saldanha,0,ZA,1627948619,69,-33.0117,17.9442,53.65,2.98
523,Sittwe,100,MM,1627948620,95,20.15,92.9,77.04,7.7
524,Jucás,6,BR,1627948620,43,-6.5253,-39.5275,73.35,5.12
525,Mangit,99,UZ,1627948620,33,40.5971,70.9607,74.48,4.23
526,Buseresere,48,TZ,1627948620,51,-3.0236,31.8747,64.8,0.76
527,Varnavino,93,RU,1627948621,69,57.4035,45.0916,70.14,9.95
528,Perth,75,AU,1627948333,94,-31.9333,115.8333,51.67,5.75
529,Santander de Quilichao,81,CO,1627948621,62,3.0095,-76.4849,79.41,4.52
530,Bol,76,TD,1627948621,75,13.4586,14.7147,80.76,9.37
531,Kannabechō-yahiro,55,JP,1627948622,60,34.5333,133.3833,84.94,2.82
532,Heraclea,0,TR,1627948622,44,37.5133,34.0467,70.25,7.31
533,Iqaluit,75,CA,1627948622,93,63.7506,-68.5145,47.93,3.44
534,Victor Harbor,60,AU,1627948623,69,-35.5667,138.6167,53.73,19.19
535,Ishigaki,75,JP,1627948623,94,24.3448,124.1572,82.53,4.61
536,Maceió,75,BR,1627948400,100,-9.6658,-35.7353,72.84,4.61
537,San Vicente,0,AR,1627948623,79,-26.6167,-54.1333,46.44,3.4
538,Staryy Nadym,85,RU,1627948624,79,65.6118,72.6842,57.61,8.7
539,Opunake,100,NZ,1627948624,84,-39.4556,173.8583,50.61,17.85
540,Kunashak,59,RU,1627948624,74,55.7032,61.5498,68.52,7.4
541,Apollonia,0,GR,1627948624,66,36.9716,24.7231,86.13,9.64
542,Balabac,100,PH,1627948625,75,7.9868,117.0645,84.88,17.38
543,Dunmore Town,100,BS,1627948625,77,25.5,-76.65,83.32,12.17
544,Merritt Island,40,US,1627948625,86,28.5392,-80.672,82.18,5.01
545,Kattivākkam,84,IN,1627948625,63,13.2167,80.3167,84.29,12.68
546,Timbiras,7,BR,1627948626,53,-4.2553,-43.9406,73.81,1.63
547,Vermillion,2,US,1627948626,26,42.7794,-96.9292,79.47,12.28
548,Saryg-Sep,3,RU,1627948626,69,51.5,95.6,56.19,2.68
549,Agadir,2,MA,1627948560,88,30.4202,-9.5982,70.25,7.45
550,Filingué,100,NE,1627948627,52,14.3521,3.3168,86.61,9.57
551,Khandagayty,9,RU,1627948627,50,50.7333,92.05,62.67,2.42
552,Ahipara,25,NZ,1627948627,83,-35.1667,173.1667,54.95,28.52
553,Hvolsvollur,99,IS,1627948628,84,63.7533,-20.2243,50.81,2.28
554,Ratne,42,UA,1627948628,93,51.6683,24.5303,55.71,7.67
555,Wexford,87,IE,1627948628,87,52.3342,-6.4575,56.66,3.62
556,Vestmanna,90,FO,1627948628,100,62.1564,-7.1664,49.12,12.66
557,Ruteng,69,ID,1627948629,83,-8.6136,120.4721,65.39,2.33
558,Alizai,13,PK,1627948629,65,33.5383,70.3462,78.75,1.03
559,Port Hedland,46,AU,1627948629,30,-20.3167,118.5667,55.45,6.91
